<?xml version="1.0" encoding="UTF-8"?>
<project-private xmlns="http://www.netbeans.org/ns/project-private/1">
    <editor-bookmarks xmlns="http://www.netbeans.org/ns/editor-bookmarks/2" lastBookmarkId="0"/>
    <open-files xmlns="http://www.netbeans.org/ns/projectui-open-files/2">
        <group>
            <file>file:/C:/Users/Fariba%20Rhidi/Documents/NetBeansProjects/JavaFXBERCVersion1/src/javafxbercversion1/FXMLDocument.fxml</file>
            <file>file:/C:/Users/Fariba%20Rhidi/Documents/NetBeansProjects/JavaFXBERCVersion1/src/javafxbercversion1/FXMLconsumermakecomplain.fxml</file>
            <file>file:/C:/Users/Fariba%20Rhidi/Documents/NetBeansProjects/JavaFXBERCVersion1/src/javafxbercversion1/FXMLchairmanloginController.java</file>
            <file>file:/C:/Users/Fariba%20Rhidi/Documents/NetBeansProjects/JavaFXBERCVersion1/src/javafxbercversion1/FXMLconsumertariff.fxml</file>
            <file>file:/C:/Users/Fariba%20Rhidi/Documents/NetBeansProjects/JavaFXBERCVersion1/src/javafxbercversion1/FXMLchairmancreateannouncement.fxml</file>
            <file>file:/C:/Users/Fariba%20Rhidi/Documents/NetBeansProjects/JavaFXBERCVersion1/src/javafxbercversion1/FXMLchairmancircular.fxml</file>
            <file>file:/C:/Users/Fariba%20Rhidi/Documents/NetBeansProjects/JavaFXBERCVersion1/src/javafxbercversion1/FXMLchairmancreatepoll.fxml</file>
            <file>file:/C:/Users/Fariba%20Rhidi/Documents/NetBeansProjects/JavaFXBERCVersion1/src/javafxbercversion1/FXMLconsumerlaw.fxml</file>
            <file>file:/C:/Users/Fariba%20Rhidi/Documents/NetBeansProjects/JavaFXBERCVersion1/src/javafxbercversion1/FXMLdirectorloginController.java</file>
            <file>file:/C:/Users/Fariba%20Rhidi/Documents/NetBeansProjects/JavaFXBERCVersion1/src/javafxbercversion1/FXMLdirectorviewrecordsController.java</file>
            <file>file:/C:/Users/Fariba%20Rhidi/Documents/NetBeansProjects/JavaFXBERCVersion1/src/javafxbercversion1/FXMLmembercheckannouncementController.java</file>
            <file>file:/C:/Users/Fariba%20Rhidi/Documents/NetBeansProjects/JavaFXBERCVersion1/src/javafxbercversion1/FXMLconsumermakepaymentController.java</file>
            <file>file:/C:/Users/Fariba%20Rhidi/Documents/NetBeansProjects/JavaFXBERCVersion1/src/javafxbercversion1/FXMLfinanceviewrevenueController.java</file>
            <file>file:/C:/Users/Fariba%20Rhidi/Documents/NetBeansProjects/JavaFXBERCVersion1/src/javafxbercversion1/FXMLfinanceviewcashflowController.java</file>
            <file>file:/C:/Users/Fariba%20Rhidi/Documents/NetBeansProjects/JavaFXBERCVersion1/src/javafxbercversion1/JavaFXBERCVersion1.java</file>
            <file>file:/C:/Users/Fariba%20Rhidi/Documents/NetBeansProjects/JavaFXBERCVersion1/src/javafxbercversion1/FXMLDocumentController.java</file>
            <file>file:/C:/Users/Fariba%20Rhidi/Documents/NetBeansProjects/JavaFXBERCVersion1/src/javafxbercversion1/FXMLdirectorseemembersController.java</file>
            <file>file:/C:/Users/Fariba%20Rhidi/Documents/NetBeansProjects/JavaFXBERCVersion1/src/javafxbercversion1/FXMLmemberloginController.java</file>
            <file>file:/C:/Users/Fariba%20Rhidi/Documents/NetBeansProjects/JavaFXBERCVersion1/src/javafxbercversion1/FXMLfinanceloginController.java</file>
            <file>file:/C:/Users/Fariba%20Rhidi/Documents/NetBeansProjects/JavaFXBERCVersion1/src/javafxbercversion1/FXMLfinancecheckaccount.fxml</file>
            <file>file:/C:/Users/Fariba%20Rhidi/Documents/NetBeansProjects/JavaFXBERCVersion1/src/javafxbercversion1/FXMLconsumerloginController.java</file>
            <file>file:/C:/Users/Fariba%20Rhidi/Documents/NetBeansProjects/JavaFXBERCVersion1/src/javafxbercversion1/FXMLchairmanschedulformeetingController.java</file>
            <file>file:/C:/Users/Fariba%20Rhidi/Documents/NetBeansProjects/JavaFXBERCVersion1/src/javafxbercversion1/FXMLchairmanschedulformeeting.fxml</file>
            <file>file:/C:/Users/Fariba%20Rhidi/Documents/NetBeansProjects/JavaFXBERCVersion1/src/javafxbercversion1/FXMLfinanceviewrevenue.fxml</file>
            <file>file:/C:/Users/Fariba%20Rhidi/Documents/NetBeansProjects/JavaFXBERCVersion1/src/javafxbercversion1/FXMLchairmancircularController.java</file>
            <file>file:/C:/Users/Fariba%20Rhidi/Documents/NetBeansProjects/JavaFXBERCVersion1/src/javafxbercversion1/FXMLconsumermakepayment.fxml</file>
            <file>file:/C:/Users/Fariba%20Rhidi/Documents/NetBeansProjects/JavaFXBERCVersion1/src/javafxbercversion1/FXMLfinanceviewbudgetController.java</file>
            <file>file:/C:/Users/Fariba%20Rhidi/Documents/NetBeansProjects/JavaFXBERCVersion1/src/javafxbercversion1/FXMLconsumerlogin.fxml</file>
            <file>file:/C:/Users/Fariba%20Rhidi/Documents/NetBeansProjects/JavaFXBERCVersion1/src/javafxbercversion1/FXMLmemberviewcommittee.fxml</file>
            <file>file:/C:/Users/Fariba%20Rhidi/Documents/NetBeansProjects/JavaFXBERCVersion1/src/javafxbercversion1/FXMLfinancechecktax.fxml</file>
            <file>file:/C:/Users/Fariba%20Rhidi/Documents/NetBeansProjects/JavaFXBERCVersion1/src/javafxbercversion1/FXMLconsumertariffController.java</file>
            <file>file:/C:/Users/Fariba%20Rhidi/Documents/NetBeansProjects/JavaFXBERCVersion1/src/javafxbercversion1/FXMLchairmanseeGasController.java</file>
            <file>file:/C:/Users/Fariba%20Rhidi/Documents/NetBeansProjects/JavaFXBERCVersion1/src/javafxbercversion1/FXMLfinancechecktaxController.java</file>
            <file>file:/C:/Users/Fariba%20Rhidi/Documents/NetBeansProjects/JavaFXBERCVersion1/src/javafxbercversion1/FXMLconsumerlawController.java</file>
            <file>file:/C:/Users/Fariba%20Rhidi/Documents/NetBeansProjects/JavaFXBERCVersion1/src/javafxbercversion1/FXMLdirectorviewrecords.fxml</file>
            <file>file:/C:/Users/Fariba%20Rhidi/Documents/NetBeansProjects/JavaFXBERCVersion1/src/javafxbercversion1/FXMLchairmancreatepollController.java</file>
            <file>file:/C:/Users/Fariba%20Rhidi/Documents/NetBeansProjects/JavaFXBERCVersion1/src/javafxbercversion1/FXMLsignupController.java</file>
            <file>file:/C:/Users/Fariba%20Rhidi/Documents/NetBeansProjects/JavaFXBERCVersion1/src/javafxbercversion1/FXMLchairmancreateannouncementController.java</file>
            <file>file:/C:/Users/Fariba%20Rhidi/Documents/NetBeansProjects/JavaFXBERCVersion1/src/javafxbercversion1/FXMLfinanceviewcashflow.fxml</file>
            <file>file:/C:/Users/Fariba%20Rhidi/Documents/NetBeansProjects/JavaFXBERCVersion1/src/javafxbercversion1/FXMLfinancecheckaccountController.java</file>
            <file>file:/C:/Users/Fariba%20Rhidi/Documents/NetBeansProjects/JavaFXBERCVersion1/src/javafxbercversion1/FXMLfinanceviewbudget.fxml</file>
            <file>file:/C:/Users/Fariba%20Rhidi/Documents/NetBeansProjects/JavaFXBERCVersion1/src/javafxbercversion1/FXMLconsumercheckcommController.java</file>
            <file>file:/C:/Users/Fariba%20Rhidi/Documents/NetBeansProjects/JavaFXBERCVersion1/src/javafxbercversion1/FXMLmemberviewcommitteeController.java</file>
            <file>file:/C:/Users/Fariba%20Rhidi/Documents/NetBeansProjects/JavaFXBERCVersion1/src/javafxbercversion1/FXMLconsumermakecomplainController.java</file>
            <file>file:/C:/Users/Fariba%20Rhidi/Documents/NetBeansProjects/JavaFXBERCVersion1/src/javafxbercversion1/FXMLconsumercheckcomm.fxml</file>
        </group>
    </open-files>
</project-private>
